ID,Requirement,Description,Cost,Risk,Value,Reasoning
"FR-001","The system shall allow users to send, receive, and delete e-mail and attachments.","E-mail, Calendar, Contacts (Basic Functional Requirement)",5,6,8
"FR-002","The system shall allow users to reply to e-mail and attachments.","E-mail, Calendar, Contacts (Basic Functional Requirement)", 4, 3, 6
"FR-003","The system shall allow users to forward e-mail and attachments.","E-mail, Calendar, Contacts (Basic Functional Requirement)",3,2,7
"FR-004","The system shall allow users to print e-mail messages.","E-mail, Calendar, Contacts (Basic Functional Requirement)",3,2,5
"FR-005","The system shall allow users to customize e-mail messages using word processor-like formatting features.","E-mail, Calendar, Contacts (Basic Functional Requirement)", 5, 4, 7
"FR-006","The system shall allow users to establish rules, including auto reply, out of office reply, temporary transfer, and moving files to inbox folders.","E-mail, Calendar, Contacts (Basic Functional Requirement)",5,6,7
"FR-007","The system shall provide spell check functionality for users.","E-mail, Calendar, Contacts (Basic Functional Requirement)",3,2,5
"FR-008","The system shall allow users to organize content into personal folders or similar storage mechanisms for e-mail retrieval.","E-mail, Calendar, Contacts (Basic Functional Requirement)",5,5,7,"Explanation: **Cost (5):** Organizing content into personal folders involves some backend and frontend development, but it's not extremely complex. **Risk (5):** Delaying this feature could impact user productivity and organization, making it moderately risky. **Value (7):** This feature provides significant value by enhancing user experience and efficiency in managing emails."
"FR-009","The system shall allow agency administrators to migrate existing public folders into the statewide e-mail system.","E-mail, Calendar, Contacts (Basic Functional Requirement)", 5, 7, 8,"Explanation: **Cost (5)**: Migrating existing public folders involves some complexity, especially considering data integrity and potential issues with large datasets. This requires significant effort but is not as complex as developing new features. **Risk (7)**: Delaying this migration could lead to disruptions in the transition to the new system, affecting multiple agencies. It's critical to ensure a smooth transition to avoid operational gaps. **Value (8)**: Allowing administrators to migrate existing public folders ensures a seamless transition, preserving user data and workflows, which is highly valuable for maintaining continuity and user satisfaction."
"FR-010","The system shall allow agency administrators to create and manage public folders or similar storage mechanisms for sharing information within their agency or organization.","E-mail, Calendar, Contacts (Basic Functional Requirement)",5,6,7,"Explanation: **Cost (5)**: This feature involves some complexity in terms of backend management and user interface, but it is not extremely complex. **Risk (6)**: The ability to share information within an agency is important, and delays could affect internal communication and efficiency. **Value (7)**: Public folders can significantly improve information sharing and collaboration within agencies, providing substantial value."
"FR-011","The system shall allow users to create contact lists, including importing contacts from other sources.","E-mail, Calendar, Contacts (Basic Functional Requirement)",5,4,7
"FR-012","The system shall allow users to export contact lists.","E-mail, Calendar, Contacts (Basic Functional Requirement)",3,2,5
"FR-013","The system shall allow users to share contact lists and the address book.","E-mail, Calendar, Contacts (Basic Functional Requirement)",5,4,7
"FR-014","The system shall allow agency administrators to create and share distribution lists, including query-based lists from LDAP-like directory services.","E-mail, Calendar, Contacts (Basic Functional Requirement)",5,7,8
"FR-015","The system shall allow users to create calendars and customize calendar views.","E-mail, Calendar, Contacts (Basic Functional Requirement)", 4, 5, 7
"FR-016","The system shall allow users to schedule resources, such as conference rooms and teleconference rooms.","E-mail, Calendar, Contacts (Basic Functional Requirement)", 5, 7, 8,"Explanation: **Cost (5)**: Scheduling resources involves integrating with room management systems and ensuring availability, which is moderately complex but not highly so. **Risk (7)**: Delaying this feature could impact meeting scheduling and coordination across departments, leading to potential delays in projects and meetings. **Value (8)**: This feature is essential for efficient resource utilization and meeting management, providing significant value to users and supporting the overall productivity of the organization."
"FR-017","The system shall allow users to create reminders and tasks.","E-mail, Calendar, Contacts (Basic Functional Requirement)", 4, 5, 7
"FR-018","The system shall allow agency administrators to accommodate programmer testing of e-mail functionality embedded in software applications.","E-mail, Calendar, Contacts (Basic Functional Requirement)", 5, 4, 7,"Explanation: **Cost (5):** This feature involves some complexity in terms of integration with various software applications and ensuring proper testing environments, making it moderately costly to implement. **Risk (4):** While important, this feature is not critical to the core functionality of the email system, so there is a moderate level of risk associated with its delay. **Value (7):** This feature adds significant value by enabling more thorough testing of integrated email functionalities, which can prevent issues in production environments and ensure better user satisfaction."
"FR-019","The system shall allow users to share their inbox, calendar, and files with other users, given appropriate permissions.","E-mail, Calendar, Contacts (Basic Functional Requirement)", 8, 7, 7,"Explanation: **Cost (8):** Sharing features like inboxes, calendars, and files involve backend and frontend development, making it a more complex feature compared to basic UI or navigation events. Therefore, it is assigned a higher cost score. **Risk (7):** This feature is critical as it supports collaboration among users, which is essential for the overall functionality of the system. Delaying or failing to implement this could significantly impact user satisfaction and operational efficiency. **Value (7):** Sharing features enhance the utility and flexibility of the system, providing significant value to users by enabling better communication and coordination. Thus, it is assigned a high value score."
"FR-020","The system shall allow users to delegate their permissions to another user.","E-mail, Calendar, Contacts (Basic Functional Requirement)", 5, 7, 8,"Explanation: **Cost (5):** Delegating permissions involves some complexity in managing user roles and access controls, which requires development effort but is not extremely complex. **Risk (7):** Delaying or failing this requirement could impact user flexibility and security, making it somewhat risky. **Value (8):** This feature is valuable as it enhances user flexibility and security, allowing for better management of permissions."
"FR-021","The system shall allow users to embed links to files and websites in e-mails.","E-mail, Calendar, Contacts (Basic Functional Requirement)", 3, 2, 5
"FR-022","The system shall allow agency administrators to provision e-mail accounts for their organization, including integrating provisioning with LDAP-like directory services.","E-mail, Calendar, Contacts (Basic Functional Requirement)",5,8,7,"Explanation: **Cost (5)**: This requirement involves setting up user accounts and integrating with directory services, which requires some development effort but is not extremely complex. **Risk (8)**: Delaying or failing to implement this requirement could disrupt agency operations, as it's a fundamental feature for account management. Given its importance, the risk is high. **Value (7)**: Allowing administrators to manage e-mail accounts is crucial for operational efficiency and reducing manual work, making it valuable."
"FR-023","The system shall allow users to search for e-mails based on age, size, sender, recipient, subject, key word, and attachment content.","E-mail, Calendar, Contacts (Basic Functional Requirement)",5,6,8
"FR-024","The system shall allow agency administrators to auto-enforce standard conventions for creating accounts and distribution lists.","E-mail, Calendar, Contacts (Basic Functional Requirement)",5,5,7,"Explanation: **Cost (5):** This requirement involves setting up automated processes, which can be moderately complex but not extremely so. It requires some development effort but is not highly specialized. **Risk (5):** The risk is moderate because delays could affect the timely setup and management of accounts and distribution lists, impacting agency operations. **Value (7):** This feature is valuable as it ensures consistency and reduces manual errors, which is important for an enterprise-level system. However, it's not at the core of the system's primary goal of providing basic e-mail and calendar services."
"FR-025","The system shall allow data center administrators to control inbound and outbound message size limits for e-mail.","E-mail, Calendar, Contacts (Basic Functional Requirement)",5,7,7,"Explanation: **Cost (5):** Controlling message size limits involves configuration settings and potentially some backend adjustments, making it moderately complex but not extremely so. **Risk (7):** This feature is critical for maintaining system performance and security, as large messages could consume significant resources or even cause denial-of-service issues if not managed properly. **Value (7):** This feature provides a significant benefit by ensuring efficient use of resources and preventing potential security breaches, making it highly valuable."
"FR-026","The system shall allow agency administrators to create generic email accounts/addresses accessible by multiple users.","E-mail, Calendar, Contacts (Basic Functional Requirement)",5,7,7,"Explanation: **Cost (5):** Creating generic email accounts requires some development effort but is not extremely complex. It involves setting up user permissions and managing access, which can be moderately time-consuming. **Risk (7):** This feature is important for agency administrators to manage multiple users efficiently. Delaying or failing to implement this could disrupt user management and workflow, impacting overall system usability. **Value (7):** This feature provides significant value by enabling efficient user management and reducing administrative overhead, making it essential for the system's success."
"FR-027","The system shall allow users to customize their client application view, including adding fields, arranging fields, and ordering emails by fields.","E-mail, Calendar, Contacts (Basic Functional Requirement)",5,4,7,"Explanation: **Cost (5)**: Customization features like adding, arranging, and ordering fields can be moderately complex, especially if it involves significant changes to the user interface. This complexity justifies a moderate cost score. **Risk (4)**: While customization is important, its failure might cause inconvenience but is not critical to the core functionality of the email system. Hence, a moderate risk score. **Value (7)**: Customization enhances user experience and flexibility, making it valuable but not essential to the core functionality. Therefore, a moderate to high value score."
"FR-028","The system shall allow users to archive data at the desktop.","Archiving, Retention, Discovery (Basic Functional Requirement)",3,2,5
"FR-029","The system shall provide a server-based archiving solution manageable by agency administrators.","Archiving, Retention, Discovery (Basic Functional Requirement)", 5, 7, 8
"FR-030","The system shall allow agency administrators to archive data at various regularly defined intervals.","Archiving, Retention, Discovery (Basic Functional Requirement)",5,6,7,"Explanation: **Cost (5)**: Archiving data involves backend processes and scheduling, which can be moderately complex but generally not extremely difficult. **Risk (6)**: Delaying archiving could lead to compliance issues and data retention problems, making it somewhat risky. **Value (7)**: Proper archiving is important for compliance and data management, providing significant value to the users and the organization."
"FR-031","The system shall allow agency administrators to search the archive and perform bulk operations (forward, print, restore) on archived items.","Archiving, Retention, Discovery (Basic Functional Requirement)",6,7,8
"FR-032","The system shall allow agency administrators to filter the archive by sender, recipient, date, subject, content, attachments, and keyword.","Archiving, Retention, Discovery (Basic Functional Requirement)",5,7,8
"FR-033","The system shall provide long-term retention capabilities separate from the active e-mail system.","Archiving, Retention, Discovery (Basic Functional Requirement)",6,9,7,"Explanation: **Cost (6):** Implementing long-term retention requires significant backend storage and management systems, making it moderately costly. **Risk (9):** This feature is critical because it ensures compliance with legal and regulatory requirements for data retention. Delaying or failing to implement this could lead to significant legal and operational risks. **Value (7):** Long-term retention is valuable as it supports legal compliance and data management, but it's not as core to the immediate user experience as some other features might be."
"FR-034","The system shall allow individual users to search their portion of the archive repository.","Archiving, Retention, Discovery (Basic Functional Requirement)",5,4,7
"FR-035","The system shall support meeting Federal regulations for retention (e.g., Sarbanes Oxley, GLB, HIPAA).","Archiving, Retention, Discovery (Basic Functional Requirement)",9,10,9
"FR-036","The system shall allow agency administrators to satisfy legal requests for e-mail discovery and provide results in printed or digital format.","Archiving, Retention, Discovery (Basic Functional Requirement)",8,9,7,"Explanation: **Cost (8)**: This requirement involves archiving, retention, and providing results in multiple formats, which is a significant backend and reporting task. Therefore, it is relatively high in cost. **Risk (9)**: Delaying or failing this requirement could lead to non-compliance with legal requests, which has a critical impact on the organization's legal standing and reputation. **Value (7)**: This requirement delivers substantial value by ensuring compliance with legal standards, which is essential for the organization’s operations and risk management."
"FR-037","The system shall capture all e-mails sent and received within the organization.","Archiving, Retention, Discovery (Basic Functional Requirement)",5,7,8
"FR-038","The system shall allow agency administrators to select specific e-mail retention periods (e.g., 1, 3, or 5 years).","Archiving, Retention, Discovery (Basic Functional Requirement)",5,7,8
"FR-039","The system shall allow agency administrators to search the e-mail header (Date, From, Subject, To, CC).","Archiving, Retention, Discovery (Basic Functional Requirement)",5,7,8
"FR-040","The system shall allow agency administrators to search the e-mail body, including the header and all contained text.","Archiving, Retention, Discovery (Basic Functional Requirement)",5,7,8
"FR-041","The system shall allow agency administrators to perform a 'full text' search, including the header, body, and attachments.","Archiving, Retention, Discovery (Basic Functional Requirement)",5,7,8
"FR-042","The system shall support litigation requests by producing responsive e-mail to a specified location for reading and redaction.","Archiving, Retention, Discovery (Basic Functional Requirement)", 5, 8, 7,"Explanation: **Cost (5)**: Supporting litigation requests involves specific functionalities like archiving, retention, and discovery, which can be complex and require integration with other systems. This makes it moderately costly. **Risk (8)**: Delaying this requirement could lead to legal issues and non-compliance, which could have significant legal and financial consequences. Therefore, the risk is high. **Value (7)**: This feature is crucial for compliance and legal purposes, providing significant value to the organization by ensuring that all necessary e-mails are archived and accessible for legal scrutiny."
"FR-043","The system shall allow agency administrators to move older data to tiered (lower cost) storage while maintaining accessibility.","Archiving, Retention, Discovery (Basic Functional Requirement)",5,4,7,"Explanation: **Cost (5)**: Moving data to tiered storage involves some complexity, such as managing different storage tiers and ensuring data accessibility. However, it is not a highly complex feature. **Risk (4)**: While important for cost management, delaying this feature might not have an immediate critical impact since the system can still function without it. However, it is significant enough to consider. **Value (7)**: This feature adds significant value by reducing operational costs over time, making it valuable for long-term financial management."
"FR-044","The system shall allow agency administrators to import data from sources like PST and NSF files into the archiving solution.","Archiving, Retention, Discovery (Basic Functional Requirement)",5,6,7
"FR-045","The system shall allow agency administrators to put discovery search results on legal hold to suspend deletion.","Archiving, Retention, Discovery (Basic Functional Requirement)", 5, 7, 8,"Explanation: **Cost (5)**: This feature involves adding a new administrative function, which requires some development effort but is not overly complex. **Risk (7)**: Delaying this feature could impact legal compliance and data integrity, making it somewhat risky. **Value (8)**: Allowing legal holds is crucial for compliance and data management, providing significant value to the users and the business."
"FR-046","The system shall allow users (Legal, OIG, etc.) to review and mark discovery search results.","Archiving, Retention, Discovery (Basic Functional Requirement)",5,7,8,"Explanation: **Cost (5):** This requirement involves allowing users to review and mark search results, which is a moderate level of complexity compared to simpler UI or navigation tasks. It likely requires some backend logic and database interactions. **Risk (7):** The feature is critical for ensuring proper archiving, retention, and management of discovery results, especially for legal and OIG departments. Delaying or failing this requirement could lead to compliance issues and potential legal problems. **Value (8):** This feature is essential for the effective management of discovery processes, ensuring that relevant data can be properly reviewed and marked for archiving. It directly supports the legal and compliance needs of the organization."
"FR-047","The system shall allow agency administrators to search using Boolean fields.","Archiving, Retention, Discovery (Basic Functional Requirement)",5,4,6
"FR-048","The system shall allow agency administrators to archive based on policy (e.g., e-mail address, OU, group, organization).","Archiving, Retention, Discovery (Basic Functional Requirement)",5,7,8
"FR-049","The system shall allow users to delete, or flag for deletion by system administrators, e-mails that have met their retention period.","Archiving, Retention, Discovery (Basic Functional Requirement)",5,5,7
"FR-050","The system shall allow users to flag individual e-mails to prevent archiving.","Archiving, Retention, Discovery (Basic Functional Requirement)",5,4,6
"FR-051","The system shall allow data center administrators to recover data at the file level.","Backup, Restore (Basic Functional Requirement)", 5, 7, 8,"Explanation: **Cost (5)**: Recovering data at the file level involves some complexity in terms of system architecture and user interface design, but it's not extremely complex. **Risk (7)**: Delaying or failing to implement this feature could result in significant downtime and data loss, impacting the overall reliability of the system. **Value (8)**: This feature is crucial for ensuring data integrity and availability, which is highly valued by data center administrators and critical for the system's success."
"FR-052","The system shall allow data center administrators to recover all messages.","Backup, Restore (Basic Functional Requirement)", 5, 7, 6,"Explanation: **Cost (5)**: Recovering all messages involves backend operations and database management, which can be complex but not extremely so. **Risk (7)**: Delaying or failing this requirement could lead to data loss and recovery issues, impacting the system's reliability and user trust. **Value (6)**: This feature is important for ensuring data integrity and system reliability, but it’s not at the core of the primary functionalities like email, messaging, and calendaring."
"FR-053","The system shall allow data center administrators to recover a specific e-mail message.","Backup, Restore (Basic Functional Requirement)", 4, 6, 7,"Explanation: **Cost (4):** Recovering a specific email message involves some complexity, especially for data center administrators. It requires the system to have robust backup and restore functionalities, which adds to the implementation effort. **Risk (6):** Delaying or failing this requirement could lead to potential data loss or recovery issues, impacting the reliability of the system. This is important but not at the highest level of criticality. **Value (7):** Being able to recover specific emails is valuable for ensuring data integrity and operational continuity. While it's not the most critical feature, it's still an important aspect of the system’s reliability."
"FR-054","The system shall allow data center administrators to recover data by mailbox.","Backup, Restore (Basic Functional Requirement)", 5, 7, 9,"Explanation: **Cost (5)**: Recovering data requires robust backend processes and potentially complex user interfaces, making it moderately costly to implement. **Risk (7)**: Delaying or failing this requirement could lead to significant downtime and loss of critical data, impacting the overall reliability and user trust, hence a moderate to high risk. **Value (9)**: This feature is crucial for ensuring data integrity and availability, which is essential for the smooth operation of the email system. Loss of data could have severe consequences, making its value very high."
"FR-055","The system shall allow data center administrators to recover data by time stamp.","Backup, Restore (Basic Functional Requirement)",5,7,7
"FR-056","The system shall maintain backup and restore event logs for data center administrators.","Backup, Restore (Basic Functional Requirement)", 4, 7, 6,"Explanation: **Cost (4):** Maintaining and restoring event logs involves some complexity but is relatively straightforward compared to core functionalities like email sending or receiving. It requires basic setup and management but is not extremely complex. **Risk (7):** This feature is important for data center administrators to ensure they can recover from failures or incidents. Delaying or failing to implement this could lead to significant operational issues, hence a moderate to high risk. **Value (6):** While maintaining event logs is crucial for administrative purposes, it is not as critical as the core functionalities of sending and receiving emails. However, it provides important data for troubleshooting and compliance, making it valuable."
"FR-057","The system shall allow data center administrators to restore previous backups without service interruption.","Backup, Restore (Basic Functional Requirement)", 5, 7, 8,"Explanation: **Cost (5):** Restoring backups is a critical but not overly complex task. It involves database operations and possibly some manual steps, so it is mid-range in terms of complexity. **Risk (7):** Delaying or failing to implement this requirement could result in significant downtime and loss of data integrity, which would have a substantial impact on the system's reliability and user trust. **Value (8):** This feature is essential for ensuring data integrity and system availability, making it highly valuable. Users and administrators rely heavily on the ability to recover from data loss or corruption."
"FR-058","The system shall provide pre-emptive e-mail virus protection (scanning prior to delivery at the mail server).","Security, Anti-Virus, Filtering (Basic Functional Requirement)",6,9,7,"Explanation: **Cost (6):** Implementing pre-emptive e-mail virus protection involves setting up and maintaining anti-virus software, which can be moderately complex but generally falls into a mid-range complexity category. **Risk (9):** Delaying or failing to implement this requirement could lead to security breaches and potential data loss, making it a high-risk requirement. **Value (7):** This feature provides significant security benefits and is essential for protecting user data and ensuring the system's reliability, thus having a high value."
"FR-059","The system shall provide pre-emptive e-mail content filtering.","Security, Anti-Virus, Filtering (Basic Functional Requirement)",6,8,7
"FR-060","The system shall allow data center administrators to whitelist/blacklist senders by domain or IP address.","Security, Anti-Virus, Filtering (Basic Functional Requirement)",5,8,7,"Explanation: **Cost (5)**: Whitelisting and blacklisting by domain or IP address involves some complexity, but it is not extremely intricate. It requires integration with existing security systems and possibly custom scripting, hence a moderate cost. **Risk (8)**: This feature is crucial for security. Delaying or failing to implement it could expose the system to significant security risks, leading to potential data breaches and loss of trust. Therefore, the risk is high. **Value (7)**: Whitelisting and blacklisting are important for maintaining security and ensuring that only trusted senders can communicate through the system. While not the most critical feature, it significantly enhances the security posture of the system, making it valuable."
"FR-061","The system shall allow data center administrators to block or allow e-mail based on multiple message attributes.","Security, Anti-Virus, Filtering (Basic Functional Requirement)",6,8,7,"Explanation: **Cost (6)**: This feature involves setting up complex rules and filters, which requires some development effort but is not extremely complex. **Risk (8)**: Blocking or allowing emails based on multiple attributes is critical for security and preventing malicious activities. Delaying this could lead to security breaches. **Value (7)**: This feature provides significant security benefits and helps in maintaining a secure environment, making it valuable."
"FR-062","The system shall integrate message hygiene (antispam/antivirus) with LDAP.","Security, Anti-Virus, Filtering (Basic Functional Requirement)",5,8,7,"Explanation: **Cost (5)**: Integrating message hygiene involves configuring and maintaining anti-spam and antivirus software, which can be moderately complex but generally falls within a manageable range. **Risk (8)**: This feature is critical for ensuring the security and reliability of the email system. Delaying or failing to implement it could lead to significant security breaches and data loss, impacting the entire organization. **Value (7)**: Message hygiene is essential for protecting user data and maintaining the integrity of the email system. It directly contributes to the overall security and trustworthiness of the service."
"FR-063","The system shall provide message hygiene (antispam/antivirus) statistical reports.","Security, Anti-Virus, Filtering (Basic Functional Requirement)",5,7,7,"Explanation: **Cost (5)**: Providing statistical reports involves backend processing and reporting mechanisms, which can be moderately complex but not extremely so. **Risk (7)**: Delaying or failing to provide these reports could lead to security vulnerabilities and compliance issues, impacting user trust and potentially violating regulations. **Value (7)**: These reports are crucial for maintaining system security and providing transparency to users and administrators about the health of the email system."
"FR-064","The system shall allow users to encrypt outbound e-mail.","Security, Anti-Virus, Filtering (Basic Functional Requirement)",8,9,7
"FR-065","The system shall allow users to establish TLS encryption with other businesses or customers.","Security, Anti-Virus, Filtering (Basic Functional Requirement)",7,9,8
"FR-066","The system shall protect the reputation of outbound mail gateways.","Security, Anti-Virus, Filtering (Basic Functional Requirement)",8,9,7,"Explanation: **Cost (8)**: Implementing robust security measures, including anti-virus and filtering, is complex and requires significant effort. **Risk (9)**: Protecting the reputation of outbound mail gateways is critical as it affects the trust and reliability of the system. Delaying or failing to implement this could lead to severe consequences. **Value (7)**: Ensuring the reputation of outbound mail gateways is important but not as essential as basic functionalities like sending and receiving emails. However, it still provides significant value by maintaining the integrity of the system."
"FR-067","The system shall protect internal e-mail customer identity.","Security, Anti-Virus, Filtering (Basic Functional Requirement)", 5, 7, 9,"Explanation: **Cost (5)**: Implementing security measures like protecting customer identities involves setting up and maintaining various security protocols, which can be moderately complex. **Risk (7)**: Delaying or failing to protect customer identities could lead to significant security breaches, impacting user trust and potentially violating data protection regulations, hence a high risk score. **Value (9)**: Ensuring customer identity protection is crucial for maintaining trust and compliance, making it highly valuable."
"FR-068","The system shall allow users to access e-mail, calendar, and address book, and send/receive via secure web or client access.","Remote Access, Mobile Messaging (Basic Functional Requirement)",5,7,9
"FR-069","The system shall allow users to access e-mail using BlackBerry devices and services.","Remote Access, Mobile Messaging (Basic Functional Requirement)",5,4,7,"Explanation: **Cost (5):** Implementing mobile access for BlackBerry devices involves some complexity, especially considering BlackBerry's specific requirements and possibly older technology compared to modern smartphones. This would require development effort. **Risk (4):** Delaying this requirement could affect users who primarily use BlackBerry devices, potentially leading to user dissatisfaction but not critically impacting the overall system functionality. **Value (7):** Providing mobile access is valuable for users who rely on BlackBerry devices, enhancing the usability and accessibility of the e-mail system. It’s important but not at the core of the primary goal."
"FR-070","The system shall allow users to access e-mail with non-BlackBerry mobile data devices (e.g., iPhones, Treos, Pres).","Remote Access, Mobile Messaging (Basic Functional Requirement)",5,4,7
"FR-071","The system shall allow agency administrators to support other mobile device protocols (e.g., ActiveSync).","Remote Access, Mobile Messaging (Basic Functional Requirement)",5,7,6,"Explanation: **Cost (5):** Supporting multiple mobile device protocols can involve integrating with different standards and protocols, which is moderately complex and would require significant development effort. **Risk (7):** Delaying or failing to support these protocols could affect the usability of the system for mobile users, impacting the overall user experience and potentially leading to operational issues for agencies. **Value (6):** While supporting additional protocols is important, it is not the most critical feature for the core functionality of an email system. However, it adds value by ensuring broader compatibility and flexibility for users."
"FR-072","The system shall allow agency administrators to Create, Update, and Delete BlackBerry accounts.","Remote Access, Mobile Messaging (Basic Functional Requirement)",5,4,6
"FR-073","The system shall allow users to access their mailbox and components via a web browser over a secure (encrypted) connection.","Remote Access, Mobile Messaging (Basic Functional Requirement)",4,5,8,"Explanation: **Cost (4)**: Allowing users to access their mailbox via a web browser involves some development effort, but it's not extremely complex. Secure connections add an additional layer of complexity, but it’s still a manageable task. **Risk (5)**: This feature is important for remote access and mobile messaging, which are key functionalities. Delaying this could impact user accessibility and convenience, but it’s not the most critical feature. **Value (8)**: This feature provides significant value by enabling users to access their mailboxes from anywhere, enhancing flexibility and usability. It supports the overall goal of providing a statewide e-mail system."
"FR-074","The system shall allow users to send/receive e-mails within workflow applications.","Additional E-mail Services (Basic Functional Requirement)",5,5,7
"FR-075","The system shall provide resource reservations integrated into e-mail.","Additional E-mail Services (Basic Functional Requirement)", 6, 7, 9
"FR-076","The system shall allow users to access an SMTP bridgehead for agency applications.","Additional E-mail Services (Basic Functional Requirement)",5,4,7,"Explanation: **Cost (5):** Accessing an SMTP bridgehead involves some configuration and integration, but it's not a complex feature. Therefore, it falls in the moderate range. **Risk (4):** While this feature is important for integrating with existing systems, its delay might cause minor issues, but not critical ones. **Value (7):** This feature adds significant value by enabling better integration with existing agency applications, which is important for the overall system's utility."
"FR-077","The system shall allow users to integrate agency applications into the e-mail and mobile messaging environments.","Additional E-mail Services (Basic Functional Requirement)",5,7,7,"Explanation: **Cost (5):** Integrating agency applications into the e-mail and mobile messaging environments requires some development effort but is not overly complex. **Risk (7):** This feature is important for ensuring seamless integration with other systems, which could impact user experience and operational efficiency if not implemented. **Value (7):** This feature adds significant value by enhancing the usability and functionality of the system, making it more integrated and useful for users across different agencies."
"FR-078","The system shall allow users to manually archive data to the server from their client.","Archiving, Retention, Discovery (Extended Functional Requirement)", 5, 4, 6
"FR-079","The system shall allow agency administrators to electronically redact information from archival storage.","Archiving, Retention, Discovery (Extended Functional Requirement)", 7, 8, 9,"Explanation: **Cost (7)**: Redacting information from archival storage involves complex data handling and potentially integration with existing archiving systems. This requires significant effort and expertise, hence a medium-high cost. **Risk (8)**: Delaying or failing to implement this requirement could lead to significant compliance issues, especially in terms of data privacy and retention policies. The risk is high due to potential legal and operational consequences. **Value (9)**: This feature is crucial for ensuring data compliance and security, making it highly valuable to users and the organization. It directly supports the goal of reducing operational costs by providing a secure and compliant way to manage data."
"FR-080","The system shall allow agency administrators to digitally certify search results.","Archiving, Retention, Discovery (Extended Functional Requirement)", 5, 7, 8,"Explanation: **Cost (5):** Certifying search results involves some complexity, such as digital signatures and ensuring compliance with security standards. This requires configuration and possibly integration with existing systems. **Risk (7):** Delaying this requirement could lead to issues with compliance and trust in the system's integrity. Digital certification is often a regulatory requirement and critical for maintaining the system's credibility. **Value (8):** This feature is essential for ensuring the accuracy and reliability of search results, which is crucial for administrative decision-making and compliance purposes."
"FR-081","The system shall allow agency administrators to catalog responsive e-mail by case for electronic certification of complete production.","Archiving, Retention, Discovery (Extended Functional Requirement)",5,8,7,"Explanation: **Cost (5)**: Cataloging emails involves backend processing, database management, and possibly integration with other systems. This is moderately complex but not extremely so. **Risk (8)**: Delaying this feature could impact the legal and compliance aspects of archiving emails, which could have significant consequences if emails are needed for certification or discovery purposes. **Value (7)**: This feature is crucial for compliance and legal purposes, providing value to both the agencies and the state's legal framework. It supports the broader goal of reducing operational costs and improving efficiency."
"FR-082","The system shall allow agency administrators to maintain markings for privileged and non-responsive search results for due diligence.","Archiving, Retention, Discovery (Extended Functional Requirement)", 5, 8, 7,"Explanation: **Cost (5):** This feature involves maintaining specific markings, which requires some backend logic and user interface adjustments. It's more complex than simple UI changes but not as extensive as building a full collaboration platform. **Risk (8):** Delaying this feature could impact the ability of administrators to manage sensitive data effectively, which could lead to legal or operational issues. Therefore, it has a high risk. **Value (7):** This feature is valuable for ensuring compliance and proper handling of sensitive data, making it important for the enterprise email system."
"FR-083","The system shall provide a full audit trail of discovery and review activities.","Archiving, Retention, Discovery (Extended Functional Requirement)", 7, 8, 9,"Explanation: **Cost (7)**: Implementing an audit trail involves significant backend development and logging mechanisms, making it moderately complex and costly. **Risk (8)**: The audit trail is crucial for compliance and legal purposes. Delaying or failing to implement this could have severe consequences, hence the high risk score. **Value (9)**: An audit trail provides essential transparency and accountability, which is highly valuable for compliance and trust, making it nearly essential."
"FR-084","The system shall allow data center administrators to perform real-time replication to an alternate site.","Disaster Recovery (Extended Functional Requirement)", 7, 9, 8,"Explanation: **Cost (7)**: Real-time replication is a complex feature involving network infrastructure, data synchronization, and potentially multiple systems. It requires significant technical expertise and resources. **Risk (9)**: Delaying or failing this requirement could result in significant downtime and data loss during a disaster, which could have critical implications for the entire statewide email system. **Value (8)**: This feature is crucial for ensuring business continuity and data integrity, making it highly valuable to the users and the business."
"FR-085","The system shall allow data center administrators to perform near-time replication to an alternate site.","Disaster Recovery (Extended Functional Requirement)", 8, 9, 7,"Explanation: **Cost (8)**: This feature involves significant backend infrastructure and coordination between data centers, making it complex to implement. **Risk (9)**: Delaying or failing this requirement could lead to significant operational disruptions and potential data loss, making it a high-risk feature. **Value (7)**: Near-time replication is crucial for disaster recovery and ensuring business continuity, providing substantial value to the enterprise."
"FR-086","The system shall allow data center administrators to fail-over the mail system and clients to an alternate site.","Disaster Recovery (Extended Functional Requirement)",8,9,7
"FR-087","The system shall allow data center administrators to retrieve quarantined messages.","Security, Anti-Virus, Filtering (Extended Functional Requirement)",5,7,6,"Explanation: **Cost (5):** This feature involves backend administrative access and interaction with security features, which can be moderately complex to implement. **Risk (7):** Quarantining and retrieving messages are critical for security and compliance, making any delay or failure in this requirement significant. **Value (6):** This feature provides important security benefits and helps ensure the integrity of the email system, making it valuable but not at the highest level."
"FR-088","The system shall allow data center administrators to add digital signatures to e-mail.","Security, Anti-Virus, Filtering (Extended Functional Requirement)",5,8,7,"Explanation: **Cost (5):** Adding digital signatures involves backend changes and integration with security systems, which can be complex but not extremely so. **Risk (8):** Delaying or failing this requirement could lead to security vulnerabilities, making it a high-risk requirement. **Value (7):** Digital signatures enhance security, which is crucial for a statewide e-mail system, making it valuable."
"FR-089","The system shall allow users to access the e-mail archive remotely.","Remote Access, Mobile Messaging (Extended Functional Requirement)",5,5,7
"FR-090","The system shall allow users to utilize wireless service with GIS integration.","Remote Access, Mobile Messaging (Extended Functional Requirement)", 5, 7, 8,"Explanation: **Cost (5):** Implementing wireless service with GIS integration involves developing and integrating additional components, which can be moderately complex. Therefore, it's assigned a medium cost score. **Risk (7):** Delaying or failing this requirement could significantly impact user accessibility and functionality, especially for mobile workers who rely on GIS data. Hence, a higher risk score is assigned. **Value (8):** This feature enhances the usability and reach of the email system, providing value by enabling users to access important GIS data while on the go, making it highly valuable."
"FR-091","The system shall provide fax service integrated into e-mail.","Additional E-mail Services (Extended Functional Requirement)", 8, 5, 7,"Explanation: **Cost (8):** Fax service integration involves additional backend processing and user interface elements, making it more complex than basic e-mail functionality. Therefore, it is estimated to be of medium-high cost. **Risk (5):** While fax service is useful, its absence may not critically impact the core functionality of the e-mail system. However, it could be seen as a valuable addition that enhances user experience and convenience. **Value (7):** Fax service integration adds significant value by providing a convenient way to send and receive faxes through the e-mail system, which can improve efficiency and user satisfaction."
"FR-092","The system shall allow users to integrate telephone messaging (VOIP) into e-mail and vice versa.","Additional E-mail Services (Extended Functional Requirement)", 7, 5, 6,"Explanation: **Cost (7)**: Integrating VOIP into e-mail involves additional complexity, including API integration, user interface design, and possibly backend modifications. This makes it moderately costly. **Risk (5)**: While not critical, the delay could inconvenience users who rely on both e-mail and VOIP functionalities. It’s important but not at the highest risk level. **Value (6)**: This feature adds significant value by enhancing user convenience and potentially improving productivity, making it valuable but not the most essential part of the system."
"FR-093","The system shall provide a List Server option for internal and external publishing of information (e.g., report subscriptions).","Additional E-mail Services (Extended Functional Requirement)",5,4,7,"Explanation: **Cost (5):** Providing a List Server option involves some complexity, especially considering it's an additional feature. It requires integration with the existing system and possibly additional server configurations. **Risk (4):** Delaying this feature could affect the overall functionality and utility of the system, but it’s not critical as the system can still function without it. **Value (7):** This feature adds significant value by enhancing the system's capabilities for internal and external communication, making it more versatile and useful for various stakeholders."
"FR-094","The system shall allow agency administrators to integrate directory services with complimentary external systems for a unified client experience.","Additional E-mail Services (Extended Functional Requirement)", 5, 7, 8,"Explanation: **Cost (5):** Integrating directory services with external systems can be complex, involving API development, security considerations, and integration testing. This makes it moderately costly. **Risk (7):** Delaying or failing this requirement could lead to a fragmented user experience and potential security vulnerabilities, impacting multiple agencies. Hence, there is a significant risk. **Value (8):** This feature enhances the overall user experience by providing a seamless and integrated system, which is highly valuable for all agencies using the service."
"FR-095","The system shall provide RSS Feeds managed by agency administrators.","Additional E-mail Services (Extended Functional Requirement)", 5, 3, 6
